{
    "helio_stat_id_selection": "",
    "crop_status": true,
    "is_light_target_threshold": 0,
    "limit_center": 2,
    "is_use_contour": false,
    "number_of_perspective_transform": 2,
    "perspective_transform": [
        [
            0.935558081915031,
            -0.014444483449994666,
            -1067.147326144481
        ],
        [
            -0.003951418998874456,
            0.9214709105375244,
            -135.5471064859902
        ],
        [
            -2.420075289507248e-05,
            -4.9817318432368264e-05,
            1.0
        ]
    ],
    "max_width": 1166,
    "max_height": 842,
    "perspective_transform_bottom": [
        [
            0.9184101170602593,
            -0.11221731333855255,
            -820.7160865374698
        ],
        [
            0.011192227314039429,
            0.8217451106886919,
            -888.2628738744105
        ],
        [
            1.1768903589946842e-05,
            -0.00010292989090274802,
            1.0
        ]
    ],
    "max_width_bottom": 1395,
    "max_height_bottom": 952,
    "hsv_threshold": {
        "low_h": 0,
        "low_s": 0,
        "low_v": 239,
        "high_h": 179,
        "high_s": 255,
        "high_v": 255
    },
    "area_start_detect_center": {
        "min_area": 5000,
        "max_area": 130000
    },
    "control_speed_distance": {
        "manual_mode": {
            "speed": 300,
            "step": 10.0
        },
        "auto_mode": {
            "speed": 600,
            "step": 8
        },
        "path_mode": {
            "speed": 600,
            "step": 8
        }
    },
    "auto_mode_config": {
        "set_axis": "x",
        "ki": 1.12,
        "kp": 1.12,
        "kd": 2.12,
        "offset": 4.0,
        "set_status": "1"
    },
    "is_run_path": 0,
    "old_frame_resolution": {
        "width": 640,
        "height": 480
    },
    "storage_endpoint": {
        "helio_stats_ip": {
            "id": "h1",
            "ip": "192.168.0.106"
        },
        "camera_ip": {
            "id": "camera-top",
            "ip": "test_video.avi"
        }
    },
    "is_reconn": 2,
    "is_menu": "manual"
}