{
    "helio_stat_id_selection": "",
    "crop_status": true,
    "is_light_target_threshold": 0,
    "limit_center": 2,
    "is_use_contour": false,
    "number_of_perspective_transform": 2,
    "perspective_transform": [
        [
            0.979167271475505,
            0.08042825725586777,
            -1365.2790190412902
        ],
        [
            0.016152327311414364,
            0.9648890262344875,
            -565.9707480120376
        ],
        [
            -4.07014422847861e-06,
            -2.0570019442200347e-05,
            1.0
        ]
    ],
    "max_width": 1135,
    "max_height": 1050,
    "perspective_transform_bottom": [
        [
            1.2512359787403882,
            0.20479871400907693,
            -1911.854909973284
        ],
        [
            -0.00604394134877885,
            1.2607661653552757,
            -846.2351952196574
        ],
        [
            3.9410925587287686e-05,
            0.00010280969870232859,
            1.0
        ]
    ],
    "max_width_bottom": 1120,
    "max_height_bottom": 930,
    "hsv_threshold": {
        "low_h": 0,
        "low_s": 0,
        "low_v": 173,
        "high_h": 179,
        "high_s": 255,
        "high_v": 255
    },
    "area_start_detect_center": {
        "min_area": 5000,
        "max_area": 130000
    },
    "control_speed_distance": {
        "manual_mode": {
            "speed": 300,
            "step": 10.0
        },
        "auto_mode": {
            "speed": 600,
            "step": 8
        },
        "path_mode": {
            "speed": 600,
            "step": 8
        }
    },
    "auto_mode_config": {
        "set_axis": "x",
        "ki": 1.12,
        "kp": 1.12,
        "kd": 2.12,
        "offset": 4.0,
        "set_status": "1"
    },
    "is_run_path": 0,
    "old_frame_resolution": {
        "width": 640,
        "height": 480
    },
    "storage_endpoint": {
        "helio_stats_ip": {
            "id": "all",
            "ip": "all"
        },
        "camera_ip": {
            "id": "camera-bottom",
            "ip": "test_video.avi"
        }
    },
    "is_reconn": 2,
    "is_menu": "manual"
}