{
    "helio_stat_id_selection": "",
    "crop_status": false,
    "is_light_target_threshold": 0,
    "limit_center": 2,
    "is_use_contour": true,
    "perspective_transform": [
        [
            1.071746345484581,
            0.02209786279349665,
            -1319.8169532043732
        ],
        [
            8.057181978853014e-17,
            1.112711334349157,
            -510.73450246626305
        ],
        [
            -2.325126963887684e-05,
            7.776187626510409e-05,
            1.0
        ]
    ],
    "max_width": 1628,
    "max_height": 1358,
    "hsv_threshold": {
        "low_h": 0,
        "low_s": 0,
        "low_v": 169,
        "high_h": 179,
        "high_s": 255,
        "high_v": 255
    },
    "area_start_detect_center": {
        "min_area": 5000,
        "max_area": 130000
    },
    "control_speed_distance": {
        "speed_screw": 100,
        "distance_mm": 5
    }
}