{
    "helio_stat_id_selection": "",
    "crop_status": false,
    "is_light_target_threshold": 0,
    "limit_center": 2,
    "is_use_contour": false,
    "perspective_transform": [
        [
            0.883398671355173,
            -0.08083386535276092,
            -157.09484346556567
        ],
        [
            -0.019576671854758556,
            0.7467101978886465,
            -95.59288866678584
        ],
        [
            2.648094665500645e-05,
            -0.0009107805758032758,
            1.0
        ]
    ],
    "max_width": 267,
    "max_height": 154
}