{
    "helio_stat_id_selection": "",
    "crop_status": false,
    "is_light_target_threshold": 0,
    "limit_center": 2,
    "is_use_contour": true,
    "perspective_transform": [
        [
            1.2299121245306466,
            0.05741291037746797,
            -1595.2547142690787
        ],
        [
            -2.090685614006016e-16,
            1.2339193701484141,
            -688.5270085428148
        ],
        [
            9.238156941253117e-06,
            0.00013628268721519785,
            1.0
        ]
    ],
    "max_width": 1221,
    "max_height": 977
}