{
    "helio_stat_id_selection": "",
    "crop_status": false,
    "is_light_target_threshold": 0,
    "limit_center": 2,
    "is_use_contour": true,
    "perspective_transform": [
        [
            1.1464848436624784,
            0.07040848579298713,
            -1514.0194864513987
        ],
        [
            0.005392771476906818,
            1.162681530421119,
            -661.5248057463922
        ],
        [
            -1.1607188784377293e-05,
            0.00011466283140353026,
            1.0
        ]
    ],
    "max_width": 1193,
    "max_height": 978
}