{
    "helio_stat_id_selection": "",
    "crop_status": true,
    "is_light_target_threshold": 0,
    "limit_center": 2,
    "is_use_contour": false,
    "number_of_perspective_transform": 2,
    "perspective_transform": [
        [
            1.0649501132497377,
            0.006573766131171035,
            -1460.092621628308
        ],
        [
            0.009721567120134472,
            1.064511599654702,
            -538.103322450112
        ],
        [
            2.1995088710172002e-05,
            1.4620953784013871e-05,
            1.0
        ]
    ],
    "max_width": 884,
    "max_height": 660,
    "perspective_transform_bottom": [
        [
            1.040319151325776,
            -0.010950727908692587,
            -1306.0604654860138
        ],
        [
            9.61817578017056e-17,
            1.0207243284250265,
            -1217.7241238110569
        ],
        [
            2.9614042351759552e-05,
            -2.408917153553035e-05,
            1.0
        ]
    ],
    "max_width_bottom": 1096,
    "max_height_bottom": 784,
    "hsv_threshold": {
        "low_h": 0,
        "low_s": 0,
        "low_v": 210,
        "high_h": 179,
        "high_s": 255,
        "high_v": 255
    },
    "area_start_detect_center": {
        "min_area": 5000,
        "max_area": 130000
    },
    "control_speed_distance": {
        "manual_mode": {
            "speed": 600,
            "step": 30.0
        },
        "auto_mode": {
            "speed": 600,
            "origin_speed": 600,
            "moveout_x_stay": 30,
            "moveout_y_stay": 30,
            "moveout_delay_sec": 5,
            "time_sleep_origin": 75,
            "mtt_speed_move_out": 600,
            "step": 8
        },
        "path_mode": {
            "speed": 600,
            "step": 8
        }
    },
    "auto_mode_config": {
        "set_axis": "x",
        "ki": 1.12,
        "kp": 1.12,
        "kd": 2.12,
        "offset": 4.0,
        "set_status": "1"
    },
    "is_run_path": 0,
    "old_frame_resolution": {
        "width": 640,
        "height": 480
    },
    "storage_endpoint": {
        "helio_stats_ip": {
            "id": "h3",
            "ip": "192.168.0.108"
        },
        "camera_ip": {
            "id": "camera-top",
            "ip": "rtsp://admin:Nu12131213@192.168.1.170:554/Streaming/Channels/101/"
        }
    },
    "is_reconn": 2,
    "is_menu": "manual"
}