{
    "helio_stat_id_selection": "",
    "crop_status": true,
    "is_light_target_threshold": 0,
    "limit_center": 2,
    "is_use_contour": false,
    "number_of_perspective_transform": 2,
    "perspective_transform": [
        [
            1.0150856184451804,
            -9.488861317394861e-17,
            -1559.1715099317971
        ],
        [
            0.004682787476424855,
            1.020847669860642,
            -514.5540534845277
        ],
        [
            -6.719223910938816e-06,
            2.859931432084345e-05,
            1.0
        ]
    ],
    "max_width": 888,
    "max_height": 648,
    "perspective_transform_bottom": [
        [
            0.994981725403133,
            -0.020728785945898266,
            -1399.918558856263
        ],
        [
            0.007074722502140961,
            0.96923698279331,
            -1174.1846189578312
        ],
        [
            1.3864209101933385e-05,
            -3.269647352188147e-05,
            1.0
        ]
    ],
    "max_width_bottom": 1096,
    "max_height_bottom": 780,
    "hsv_threshold": {
        "low_h": 0,
        "low_s": 0,
        "low_v": 239,
        "high_h": 179,
        "high_s": 255,
        "high_v": 255
    },
    "area_start_detect_center": {
        "min_area": 5000,
        "max_area": 130000
    },
    "control_speed_distance": {
        "manual_mode": {
            "speed": 600,
            "step": 5.0
        },
        "auto_mode": {
            "speed": 600,
            "origin_speed": 600,
            "moveout_x_stay": 25,
            "moveout_y_stay": 25,
            "moveout_delay_sec": 3,
            "time_sleep_origin": 75,
            "mtt_speed_move_out": 600,
            "step": 8
        },
        "path_mode": {
            "speed": 600,
            "step": 8
        }
    },
    "auto_mode_config": {
        "set_axis": "x",
        "ki": 1.12,
        "kp": 1.12,
        "kd": 2.12,
        "offset": 4.0,
        "set_status": "1"
    },
    "is_run_path": 0,
    "old_frame_resolution": {
        "width": 640,
        "height": 480
    },
    "storage_endpoint": {
        "helio_stats_ip": {
            "id": "h9",
            "ip": "192.168.0.114"
        },
        "camera_ip": {
            "id": "camera-top",
            "ip": "rtsp://admin:Nu12131213@192.168.1.170:554/Streaming/Channels/101/"
        }
    },
    "is_reconn": 2,
    "is_menu": "manual"
}