{
    "helio_stat_id_selection": "",
    "crop_status": false,
    "is_light_target_threshold": 0,
    "limit_center": 2,
    "is_use_contour": true,
    "perspective_transform": [
        [
            1.2004985473789271,
            0.06669436374327352,
            -1573.3867350675703
        ],
        [
            -0.004553793473473569,
            1.2067552704705171,
            -637.3671497212661
        ],
        [
            -4.599791387347071e-06,
            0.00013962416496238265,
            1.0
        ]
    ],
    "max_width": 1197,
    "max_height": 991
}