{
    "helio_stat_id_selection": "",
    "crop_status": false,
    "is_light_target_threshold": 0,
    "limit_center": 2,
    "is_use_contour": true,
    "perspective_transform": [
        [
            1.2126182711858122,
            0.07943456433561089,
            -1607.8077110856125
        ],
        [
            1.9867148861713328e-16,
            1.214866788482812,
            -665.7470000885812
        ],
        [
            1.5583640326877257e-20,
            0.00014008170059184513,
            1.0
        ]
    ],
    "max_width": 1206,
    "max_height": 979
}