{
    "helio_stat_id_selection": "",
    "crop_status": true,
    "is_light_target_threshold": 0,
    "limit_center": 2,
    "is_use_contour": false,
    "number_of_perspective_transform": 2,
    "perspective_transform": [
        [
            1.035047011569713,
            0.039243488590320744,
            -1287.1079387853442
        ],
        [
            0.0036427899598355834,
            1.0345523485933072,
            -100.73042796937374
        ],
        [
            2.614049724400673e-07,
            3.77006609124322e-05,
            1.0
        ]
    ],
    "max_width": 1172,
    "max_height": 844,
    "perspective_transform_bottom": [
        [
            0.9444635493239528,
            -0.040901964734501924,
            -972.0128817528549
        ],
        [
            1.3470004469385787e-16,
            0.8986816715690927,
            -888.7961731818331
        ],
        [
            -2.699391310256173e-06,
            -4.8588731704247854e-05,
            1.0
        ]
    ],
    "max_width_bottom": 1460,
    "max_height_bottom": 1016,
    "hsv_threshold": {
        "low_h": 0,
        "low_s": 0,
        "low_v": 186,
        "high_h": 179,
        "high_s": 255,
        "high_v": 255
    },
    "area_start_detect_center": {
        "min_area": 5000,
        "max_area": 130000
    },
    "control_speed_distance": {
        "manual_mode": {
            "speed": 300,
            "step": 10.0
        },
        "auto_mode": {
            "speed": 600,
            "step": 8
        },
        "path_mode": {
            "speed": 600,
            "step": 8
        }
    },
    "auto_mode_config": {
        "set_axis": "x",
        "ki": 1.12,
        "kp": 1.12,
        "kd": 2.12,
        "offset": 4.0,
        "set_status": "1"
    },
    "is_run_path": 0,
    "old_frame_resolution": {
        "width": 640,
        "height": 480
    },
    "storage_endpoint": {
        "helio_stats_ip": {
            "id": "h1",
            "ip": "192.168.0.106"
        },
        "camera_ip": {
            "id": "camera-bottom",
            "ip": "rtsp://admin:Nu12131213@192.168.1.170:554/Streaming/Channels/101/"
        }
    },
    "is_menu": "manual"
}