{
    "helio_stat_id_selection": "",
    "crop_status": true,
    "is_light_target_threshold": 0,
    "limit_center": 2,
    "is_use_contour": false,
    "number_of_perspective_transform": 2,
    "perspective_transform": [
        [
            1.018483572122887,
            -0.017035567514600333,
            -1165.6112509627321
        ],
        [
            -0.0043601130273397725,
            1.0010819510772118,
            -147.16340692137746
        ],
        [
            9.77948939241971e-06,
            -2.0042440456552005e-05,
            1.0
        ]
    ],
    "max_width": 1148,
    "max_height": 846,
    "perspective_transform_bottom": [
        [
            0.9372218446566065,
            -0.09592035936784032,
            -852.298354822125
        ],
        [
            0.016419067120097695,
            0.8452778998865103,
            -922.023660173832
        ],
        [
            1.703222730300599e-05,
            -9.700143921948388e-05,
            1.0
        ]
    ],
    "max_width_bottom": 1390,
    "max_height_bottom": 965,
    "hsv_threshold": {
        "low_h": 0,
        "low_s": 0,
        "low_v": 243,
        "high_h": 179,
        "high_s": 255,
        "high_v": 255
    },
    "area_start_detect_center": {
        "min_area": 5000,
        "max_area": 130000
    },
    "control_speed_distance": {
        "manual_mode": {
            "speed": 300,
            "step": 50
        },
        "auto_mode": {
            "speed": 600,
            "step": 8
        },
        "path_mode": {
            "speed": 600,
            "step": 8
        }
    },
    "auto_mode_config": {
        "set_axis": "x",
        "ki": 1.12,
        "kp": 1.12,
        "kd": 2.12,
        "offset": 4.0,
        "set_status": "1"
    },
    "is_run_path": 0,
    "old_frame_resolution": {
        "width": 640,
        "height": 480
    },
    "storage_endpoint": {
        "helio_stats_ip": {
            "id": "h1",
            "ip": "192.168.0.106"
        },
        "camera_ip": {
            "id": "camera-bottom",
            "ip": "rtsp://admin:Nu12131213@192.168.1.170:554/Streaming/Channels/101/"
        }
    },
    "is_menu": "manual"
}