{
    "helio_stat_id_selection": "",
    "crop_status": true,
    "is_light_target_threshold": 0,
    "limit_center": 2,
    "is_use_contour": false,
    "number_of_perspective_transform": 2,
    "perspective_transform": [
        [
            0.9281411358430199,
            -0.0967443529217481,
            -1062.9604381615334
        ],
        [
            0.006567909402565096,
            0.8702479958398597,
            -715.590149182961
        ],
        [
            4.4646804564983056e-05,
            -0.00018288157452126292,
            1.0
        ]
    ],
    "max_width": 530,
    "max_height": 315,
    "perspective_transform_bottom": [
        [
            3.327632740543535,
            0.9440755808845415,
            -6849.212255619478
        ],
        [
            -0.06930039832066795,
            3.3803194291970295,
            -2281.5462137343225
        ],
        [
            0.0002568533223091864,
            0.0016382791897135692,
            1.0
        ]
    ],
    "max_width_bottom": 531,
    "max_height_bottom": 379,
    "hsv_threshold": {
        "low_h": 0,
        "low_s": 0,
        "low_v": 164,
        "high_h": 179,
        "high_s": 255,
        "high_v": 255
    },
    "area_start_detect_center": {
        "min_area": 5000,
        "max_area": 130000
    },
    "control_speed_distance": {
        "manual_mode": {
            "speed": 300,
            "step": 50
        },
        "auto_mode": {
            "speed": 600,
            "step": 8
        },
        "path_mode": {
            "speed": 600,
            "step": 8
        }
    },
    "auto_mode_config": {
        "set_axis": "x",
        "ki": 1.12,
        "kp": 1.12,
        "kd": 2.12,
        "offset": 4.0,
        "set_status": "1"
    },
    "is_run_path": 0,
    "old_frame_resolution": {
        "width": 640,
        "height": 480
    },
    "storage_endpoint": {
        "helio_stats_ip": {
            "id": "h1",
            "ip": "192.168.0.106"
        },
        "camera_ip": {
            "id": "camera-bottom",
            "ip": "rtsp://admin:Nu12131213@192.168.1.170:554/Streaming/Channels/101/"
        }
    },
    "is_menu": "manual"
}