{
    "helio_stat_id_selection": "",
    "crop_status": false,
    "is_light_target_threshold": 0,
    "limit_center": 2,
    "is_use_contour": true,
    "static_contour": {
        "x": 190,
        "y": 134,
        "w": 267,
        "h": 150
    },
    "perspective_transform": [
        [
            0.8052321534331618,
            -0.1105220602751398,
            -135.98950073568278
        ],
        [
            -0.020162383418347973,
            0.6830007382965376,
            -86.38573175591189
        ],
        [
            -0.00010674327702949828,
            -0.0010440843720726587,
            1.0
        ]
    ],
    "max_width": 271,
    "max_height": 154
}