{
    "helio_stat_id_selection": "",
    "crop_status": false,
    "is_light_target_threshold": 0,
    "limit_center": 2,
    "is_use_contour": false,
    "perspective_transform": [
        [
            1.1521013589248472,
            0.053477964188237116,
            -1490.5982712053665
        ],
        [
            0.009422952908647394,
            1.1621641920665293,
            -658.1115950771552
        ],
        [
            -6.128753402251128e-06,
            0.0001093834107039409,
            1.0
        ]
    ],
    "max_width": 1224,
    "max_height": 992,
    "hsv_threshold": {
        "low_h": 0,
        "low_s": 0,
        "low_v": 171,
        "high_h": 179,
        "high_s": 255,
        "high_v": 255
    },
    "area_start_detect_center": {
        "min_area": 5000,
        "max_area": 130000
    },
    "control_speed_distance": {
        "speed_screw": 100,
        "distance_mm": 10
    }
}