{
    "helio_stat_id_selection": "",
    "crop_status": false,
    "is_light_target_threshold": 0,
    "limit_center": 2,
    "is_use_contour": true,
    "perspective_transform": [
        [
            1.2584176174142807,
            0.07255028192639976,
            -1653.8219302972998
        ],
        [
            0.010764034736803606,
            1.2617840719253186,
            -740.576353926829
        ],
        [
            2.654107234206611e-06,
            0.00016598436458039868,
            1.0
        ]
    ],
    "max_width": 1207,
    "max_height": 958
}