{
    "helio_stat_id_selection": "",
    "crop_status": true,
    "is_light_target_threshold": 0,
    "limit_center": 2,
    "is_use_contour": false,
    "number_of_perspective_transform": 2,
    "perspective_transform": [
        [
            1.0166370498465123,
            -2.850142274700112e-17,
            -1166.0826961739494
        ],
        [
            0.007691519369344568,
            0.9964790649617538,
            -160.2869905908248
        ],
        [
            9.006462961761804e-06,
            -2.3232511579358523e-05,
            1.0
        ]
    ],
    "max_width": 1166,
    "max_height": 855,
    "perspective_transform_bottom": [
        [
            0.8912010492635273,
            -0.09082303686762057,
            -823.7025035514725
        ],
        [
            0.002870554331427491,
            0.8008846584682544,
            -857.5092132099921
        ],
        [
            -7.576619256855503e-07,
            -9.980628189563043e-05,
            1.0
        ]
    ],
    "max_width_bottom": 1395,
    "max_height_bottom": 946,
    "hsv_threshold": {
        "low_h": 0,
        "low_s": 0,
        "low_v": 243,
        "high_h": 179,
        "high_s": 255,
        "high_v": 255
    },
    "area_start_detect_center": {
        "min_area": 5000,
        "max_area": 130000
    },
    "control_speed_distance": {
        "manual_mode": {
            "speed": 300,
            "step": 50
        },
        "auto_mode": {
            "speed": 600,
            "step": 8
        },
        "path_mode": {
            "speed": 600,
            "step": 8
        }
    },
    "auto_mode_config": {
        "set_axis": "x",
        "ki": 1.12,
        "kp": 1.12,
        "kd": 2.12,
        "offset": 4.0,
        "set_status": "1"
    },
    "is_run_path": 0,
    "old_frame_resolution": {
        "width": 640,
        "height": 480
    },
    "storage_endpoint": {
        "helio_stats_ip": {
            "id": "h1",
            "ip": "192.168.0.106"
        },
        "camera_ip": {
            "id": "camera-bottom",
            "ip": "vid.avi"
        }
    },
    "is_menu": "manual"
}