{
    "helio_stat_id_selection": "",
    "crop_status": true,
    "is_light_target_threshold": 0,
    "limit_center": 2,
    "is_use_contour": false,
    "number_of_perspective_transform": 2,
    "perspective_transform": [
        [
            1.0505793243999995,
            0.006405971490243993,
            -1549.5852855755286
        ],
        [
            0.019349986645105663,
            1.0497367754969795,
            -541.8044635596186
        ],
        [
            8.129378383812423e-06,
            2.8739411412550712e-05,
            1.0
        ]
    ],
    "max_width": 884,
    "max_height": 660,
    "perspective_transform_bottom": [
        [
            0.9567592130586646,
            -0.029590491125525677,
            -1269.8364726637685
        ],
        [
            0.0,
            0.9287680875329677,
            -1104.3052560766985
        ],
        [
            1.3135596859498012e-19,
            -3.564045904911257e-05,
            1.0
        ]
    ],
    "max_width_bottom": 1108,
    "max_height_bottom": 776,
    "hsv_threshold": {
        "low_h": 0,
        "low_s": 0,
        "low_v": 220,
        "high_h": 179,
        "high_s": 255,
        "high_v": 255
    },
    "area_start_detect_center": {
        "min_area": 5000,
        "max_area": 130000
    },
    "control_speed_distance": {
        "manual_mode": {
            "speed": 600,
            "step": 300.0
        },
        "auto_mode": {
            "speed": 600,
            "origin_speed": 600,
            "moveout_x_stay": 29,
            "moveout_y_stay": 29,
            "moveout_delay_sec": 5,
            "time_sleep_origin": 75,
            "mtt_speed_move_out": 600,
            "step": 8
        },
        "path_mode": {
            "speed": 600,
            "step": 8
        }
    },
    "auto_mode_config": {
        "set_axis": "x",
        "ki": 1.12,
        "kp": 1.12,
        "kd": 2.12,
        "offset": 4.0,
        "set_status": "1"
    },
    "is_run_path": 0,
    "old_frame_resolution": {
        "width": 640,
        "height": 480
    },
    "storage_endpoint": {
        "helio_stats_ip": {
            "id": "all",
            "ip": "all"
        },
        "camera_ip": {
            "id": "camera-top",
            "ip": "rtsp://admin:Nu12131213@192.168.1.170:554/Streaming/Channels/101/"
        }
    },
    "is_reconn": 2,
    "is_menu": "manual"
}