{
    "helio_stat_id_selection": "",
    "crop_status": false,
    "is_light_target_threshold": 0,
    "limit_center": 2,
    "is_use_contour": false,
    "perspective_transform": [
        [
            1.1391307895343081,
            0.0591605603525964,
            -1476.6011859613152
        ],
        [
            -0.010748003780559628,
            1.1629340090565234,
            -619.0076321329991
        ],
        [
            -1.8870857875474943e-05,
            0.00012218744351682017,
            1.0
        ]
    ],
    "max_width": 1206,
    "max_height": 983,
    "hsv_threshold": {
        "low_h": 0,
        "low_s": 0,
        "low_v": 188,
        "high_h": 179,
        "high_s": 255,
        "high_v": 255
    },
    "area_start_detect_center": {
        "min_area": 5000,
        "max_area": 130000
    },
    "control_speed_distance": {
        "speed_screw": 100,
        "distance_mm": 10
    }
}