{
    "helio_stat_id_selection": "",
    "crop_status": false,
    "is_light_target_threshold": 0,
    "limit_center": 2,
    "is_use_contour": false,
    "perspective_transform": [
        [
            1.3240637107927327,
            0.10412403251717568,
            -1863.2531282046807
        ],
        [
            1.8515771615898377e-16,
            1.3453760566532988,
            -1440.8977566756835
        ],
        [
            -1.4478761530702128e-05,
            0.00017993629096957217,
            1.0
        ]
    ],
    "max_width": 1207,
    "max_height": 943
}