{
    "helio_stat_id_selection": "",
    "crop_status": true,
    "is_light_target_threshold": 0,
    "limit_center": 2,
    "is_use_contour": false,
    "number_of_perspective_transform": 2,
    "perspective_transform": [
        [
            0.9189196853297784,
            -0.05898782333109893,
            -1068.6178773577547
        ],
        [
            -0.015219792861802204,
            0.8291478459060101,
            -486.6568471368739
        ],
        [
            -6.8911002689729805e-06,
            -0.00010207649402180735,
            1.0
        ]
    ],
    "max_width": 1253,
    "max_height": 999,
    "perspective_transform_bottom": [
        [
            0.9319712790255669,
            -0.09876381569635105,
            -1018.9893834770118
        ],
        [
            0.008576585960920454,
            0.7933342013851431,
            -478.7750463894436
        ],
        [
            4.921321189102527e-06,
            -0.00013570556681761784,
            1.0
        ]
    ],
    "max_width_bottom": 1295,
    "max_height_bottom": 1051,
    "hsv_threshold": {
        "low_h": 0,
        "low_s": 0,
        "low_v": 180,
        "high_h": 179,
        "high_s": 255,
        "high_v": 255
    },
    "area_start_detect_center": {
        "min_area": 5000,
        "max_area": 130000
    },
    "control_speed_distance": {
        "manual_mode": {
            "speed": 300,
            "step": 10.0
        },
        "auto_mode": {
            "speed": 600,
            "step": 8
        },
        "path_mode": {
            "speed": 600,
            "step": 8
        }
    },
    "auto_mode_config": {
        "set_axis": "x",
        "ki": 1.12,
        "kp": 1.12,
        "kd": 2.12,
        "offset": 4.0,
        "set_status": "1"
    },
    "is_run_path": 0,
    "old_frame_resolution": {
        "width": 640,
        "height": 480
    },
    "storage_endpoint": {
        "helio_stats_ip": {
            "id": "h1",
            "ip": "localhost:8888"
        },
        "camera_ip": {
            "id": "camera-bottom",
            "ip": "test_video.avi"
        }
    },
    "is_reconn": 2,
    "is_menu": "manual"
}