{
    "helio_stat_id_selection": "",
    "crop_status": true,
    "is_light_target_threshold": 0,
    "limit_center": 2,
    "is_use_contour": false,
    "number_of_perspective_transform": 2,
    "perspective_transform": [
        [
            0.935073338355508,
            -1.1550215113612528e-16,
            -1252.9982733963807
        ],
        [
            -0.016703859457109362,
            0.9487792171638116,
            -172.11656784605483
        ],
        [
            -2.4355758519623895e-05,
            -1.687977950380733e-05,
            1.0
        ]
    ],
    "max_width": 1136,
    "max_height": 828,
    "perspective_transform_bottom": [
        [
            0.8978089231762615,
            -0.042752805865536446,
            -1106.912896664599
        ],
        [
            0.002769961166597349,
            0.8365282723124146,
            -971.430921048041
        ],
        [
            -4.380171133704344e-06,
            -7.838044383327275e-05,
            1.0
        ]
    ],
    "max_width_bottom": 1208,
    "max_height_bottom": 840,
    "hsv_threshold": {
        "low_h": 0,
        "low_s": 0,
        "low_v": 202,
        "high_h": 179,
        "high_s": 255,
        "high_v": 255
    },
    "area_start_detect_center": {
        "min_area": 5000,
        "max_area": 130000
    },
    "control_speed_distance": {
        "manual_mode": {
            "speed": 300,
            "step": 50.0
        },
        "auto_mode": {
            "speed": 600,
            "origin_speed": 600,
            "moveout_x_stay": 100,
            "moveout_y_stay": 100,
            "moveout_delay_sec": 10,
            "time_sleep_origin": 50,
            "step": 8
        },
        "path_mode": {
            "speed": 600,
            "step": 8
        }
    },
    "auto_mode_config": {
        "set_axis": "x",
        "ki": 1.12,
        "kp": 1.12,
        "kd": 2.12,
        "offset": 4.0,
        "set_status": "1"
    },
    "is_run_path": 0,
    "old_frame_resolution": {
        "width": 640,
        "height": 480
    },
    "storage_endpoint": {
        "helio_stats_ip": {
            "id": "all",
            "ip": "all"
        },
        "camera_ip": {
            "id": "camera-top",
            "ip": "rtsp://admin:Nu12131213@192.168.1.170:554/Streaming/Channels/101/"
        }
    },
    "is_reconn": 2,
    "is_menu": "manual"
}