{
    "helio_stat_id_selection": "",
    "crop_status": false,
    "is_light_target_threshold": 0,
    "limit_center": 2,
    "is_use_contour": false,
    "perspective_transform": [
        [
            1.1112686913278669,
            0.042111234618740015,
            -1447.580708558298
        ],
        [
            -0.005206195454405663,
            1.1276619354242399,
            -637.2258287501472
        ],
        [
            -1.3829692696618497e-05,
            9.616414299484417e-05,
            1.0
        ]
    ],
    "max_width": 1178,
    "max_height": 950
}